{
  "project_info": {
    "project_number": "491987943015",
    "project_id": "stackmart-500c7",
    "storage_bucket": "stackmart-500c7.appspot.com"
  },
  "client": [
    {
      "client_info": {
        "mobilesdk_app_id": "1:491987943015:android:9795ba69e89c684b8f1ec2",
        "android_client_info": {
          "package_name": "com.sixamtech.sixam_mart_store_app"
        }
      },
      "oauth_client": [
        {
          "client_id": "491987943015-agln6biv84krpnngdphj87jkko7r9lb8.apps.googleusercontent.com",
          "client_type": 3
        }
      ],
      "api_key": [
        {
          "current_key": "AIzaSyCc3OCd5I2xSlnftZ4bFAbuCzMhgQHLivA"
        }
      ],
      "services": {
        "appinvite_service": {
          "other_platform_oauth_client": [
            {
              "client_id": "491987943015-agln6biv84krpnngdphj87jkko7r9lb8.apps.googleusercontent.com",
              "client_type": 3
            }
          ]
        }
      }
    },
    {
      "client_info": {
        "mobilesdk_app_id": "1:491987943015:android:a6fb4303cc4bf3d18f1ec2",
        "android_client_info": {
          "package_name": "com.sixamtech.sixam_mart_user"
        }
      },
      "oauth_client": [
        {
          "client_id": "491987943015-agln6biv84krpnngdphj87jkko7r9lb8.apps.googleusercontent.com",
          "client_type": 3
        }
      ],
      "api_key": [
        {
          "current_key": "AIzaSyCc3OCd5I2xSlnftZ4bFAbuCzMhgQHLivA"
        }
      ],
      "services": {
        "appinvite_service": {
          "other_platform_oauth_client": [
            {
              "client_id": "491987943015-agln6biv84krpnngdphj87jkko7r9lb8.apps.googleusercontent.com",
              "client_type": 3
            }
          ]
        }
      }
    },
    {
      "client_info": {
        "mobilesdk_app_id": "1:491987943015:android:0fe481bb315de1de8f1ec2",
        "android_client_info": {
          "package_name": "com.sixamtech.stack_food_delivery"
        }
      },
      "oauth_client": [
        {
          "client_id": "491987943015-agln6biv84krpnngdphj87jkko7r9lb8.apps.googleusercontent.com",
          "client_type": 3
        }
      ],
      "api_key": [
        {
          "current_key": "AIzaSyCc3OCd5I2xSlnftZ4bFAbuCzMhgQHLivA"
        }
      ],
      "services": {
        "appinvite_service": {
          "other_platform_oauth_client": [
            {
              "client_id": "491987943015-agln6biv84krpnngdphj87jkko7r9lb8.apps.googleusercontent.com",
              "client_type": 3
            }
          ]
        }
      }
    },
    {
      "client_info": {
        "mobilesdk_app_id": "1:491987943015:android:de46aa9776b1b4888f1ec2",
        "android_client_info": {
          "package_name": "com.sixamtech.stack_food_user"
        }
      },
      "oauth_client": [
        {
          "client_id": "491987943015-agln6biv84krpnngdphj87jkko7r9lb8.apps.googleusercontent.com",
          "client_type": 3
        }
      ],
      "api_key": [
        {
          "current_key": "AIzaSyCc3OCd5I2xSlnftZ4bFAbuCzMhgQHLivA"
        }
      ],
      "services": {
        "appinvite_service": {
          "other_platform_oauth_client": [
            {
              "client_id": "491987943015-agln6biv84krpnngdphj87jkko7r9lb8.apps.googleusercontent.com",
              "client_type": 3
            }
          ]
        }
      }
    },
    {
      "client_info": {
        "mobilesdk_app_id": "1:491987943015:android:63ecc08c0433bf7c8f1ec2",
        "android_client_info": {
          "package_name": "com.sixamtech.stack_food_vandor"
        }
      },
      "oauth_client": [
        {
          "client_id": "491987943015-agln6biv84krpnngdphj87jkko7r9lb8.apps.googleusercontent.com",
          "client_type": 3
        }
      ],
      "api_key": [
        {
          "current_key": "AIzaSyCc3OCd5I2xSlnftZ4bFAbuCzMhgQHLivA"
        }
      ],
      "services": {
        "appinvite_service": {
          "other_platform_oauth_client": [
            {
              "client_id": "491987943015-agln6biv84krpnngdphj87jkko7r9lb8.apps.googleusercontent.com",
              "client_type": 3
            }
          ]
        }
      }
    }
  ],
  "configuration_version": "1"
}